{
    "AxisLimit": [
        false,
        false,
        false,
        false,
        false,
        false,
        false,
        false,
        false,
        false,
        false,
        false,
        false,
        false,
        false
    ],
    "BaseMatrix": [
        1,
        0,
        0,
        0,
        0,
        1,
        0,
        0,
        0,
        0,
        1,
        0,
        0,
        0,
        0,
        1
    ],
    "BaseOrientation": [
        0,
        0,
        0
    ],
    "BasePosition": [
        0,
        0,
        0
    ],
    "FlangeMatrix": [
        0.7334591,
        -0.55842304,
        -0.3875585,
        0,
        0.4268111,
        -0.0653964,
        0.9019732,
        0,
        -0.5290275,
        -0.82697475,
        0.1903755,
        0,
        0.7319865,
        0.623676,
        -0.049026154,
        1
    ],
    "ForwardKinematics": [
        [
            1,
            0,
            0,
            0,
            0,
            1,
            0,
            0,
            0,
            0,
            1,
            0,
            0,
            0,
            0,
            1
        ],
        [
            1,
            0,
            0,
            0,
            0,
            1,
            0,
            0,
            0,
            0,
            1,
            0,
            0,
            0,
            0,
            1
        ],
        [
            0.7986355,
            -0.60181504,
            0,
            0,
            0.60181504,
            0.7986355,
            0,
            0,
            0,
            0,
            1,
            0,
            0,
            0.34,
            0,
            1
        ],
        [
            0.9961947,
            0.08715564,
            0,
            0,
            -0.08715564,
            0.9961947,
            0,
            0,
            0,
            0,
            1,
            0,
            0.24072602,
            0.6594542,
            0,
            1
        ],
        [
            0.9961947,
            0.08715564,
            0,
            0,
            -0.07391217,
            0.84482104,
            0.5299193,
            0,
            0.04618546,
            -0.52790284,
            0.8480481,
            0,
            0.24072602,
            0.6594542,
            0,
            1
        ],
        [
            0.7334591,
            -0.55842304,
            -0.3875585,
            0,
            0.67816275,
            0.6399082,
            0.36140412,
            0,
            0.04618546,
            -0.52790284,
            0.8480481,
            0,
            0.6392039,
            0.6943165,
            0,
            1
        ],
        [
            0.7334591,
            -0.55842304,
            -0.3875585,
            0,
            0.4268111,
            -0.0653964,
            0.9019732,
            0,
            -0.5290275,
            -0.82697475,
            0.1903755,
            0,
            0.7319865,
            0.623676,
            -0.049026154,
            1
        ]
    ],
    "JointTarget": [
        0,
        37,
        48,
        32,
        47,
        55
    ],
    "MeshTransformatios": [
        [
            1,
            0,
            0,
            0,
            0,
            1,
            0,
            0,
            0,
            0,
            1,
            0,
            0,
            0,
            0,
            1
        ],
        [
            1,
            0,
            0,
            0,
            0,
            1,
            0,
            0,
            0,
            0,
            1,
            0,
            0,
            0,
            0,
            1
        ],
        [
            0.7986355,
            -0.60181504,
            0,
            0,
            0.60181504,
            0.7986355,
            0,
            0,
            0,
            0,
            1,
            0,
            -0.20461711,
            0.06846395,
            0,
            1
        ],
        [
            0.08715564,
            -0.9961947,
            0,
            0,
            0.9961947,
            0.08715564,
            0,
            0,
            0,
            0,
            1,
            0,
            -0.49645808,
            0.594959,
            0,
            1
        ],
        [
            0.07391217,
            -0.84482104,
            -0.5299193,
            0,
            0.9961947,
            0.08715564,
            0,
            0,
            0.04618546,
            -0.52790284,
            0.8480481,
            0,
            -0.49645808,
            0.594959,
            0,
            1
        ],
        [
            -0.67816275,
            -0.6399082,
            -0.36140412,
            0,
            0.7334591,
            -0.55842304,
            -0.3875585,
            0,
            0.04618546,
            -0.52790284,
            0.8480481,
            0,
            -0.19693953,
            1.3309188,
            0.4418167,
            1
        ],
        [
            -0.4268111,
            0.0653964,
            -0.9019732,
            0,
            0.7334591,
            -0.55842304,
            -0.3875585,
            0,
            -0.5290275,
            -0.82697475,
            0.1903755,
            0,
            -0.19693953,
            1.3309188,
            0.4418167,
            1
        ]
    ],
    "ToolMatrix": [
        1,
        0,
        0,
        0,
        0,
        1,
        0,
        0,
        0,
        0,
        1,
        0,
        0,
        0,
        0,
        1
    ],
    "ToolOrientation": [
        0,
        0,
        0
    ],
    "ToolPosition": [
        0,
        0,
        0
    ]
}