{
    "A1_Length": 340,
    "A1_Offset": 0,
    "A2_Length": 400,
    "A3_Length": 400,
    "A3_Offset": 0,
    "A4_Length": 126.5,
    "RobotColors": [
        [
            0,
            0,
            0,
            1
        ],
        [
            0.48999986,
            0.48999986,
            0.48999986,
            1
        ],
        [
            0.48999986,
            0.48999986,
            0.48999986,
            1
        ],
        [
            0.48999986,
            0.48999986,
            0.48999986,
            1
        ],
        [
            0,
            0,
            0,
            1
        ],
        [
            0.7000001,
            0.7000001,
            0.7000001,
            1
        ],
        [
            0.48999986,
            0.48999986,
            0.48999986,
            1
        ],
        [
            0.48999986,
            0.48999986,
            0.48999986,
            1
        ],
        [
            1,
            0.48000002,
            0,
            1
        ],
        [
            0,
            0,
            0,
            1
        ],
        [
            0.7000001,
            0.7000001,
            0.7000001,
            1
        ],
        [
            0.48999986,
            0.48999986,
            0.48999986,
            1
        ],
        [
            0.48999986,
            0.48999986,
            0.48999986,
            1
        ],
        [
            1,
            0.48000002,
            0,
            1
        ],
        [
            0.7000001,
            0.7000001,
            0.7000001,
            1
        ]
    ],
    "RobotMeshOrder": [
        0,
        1,
        2,
        2,
        2,
        2,
        2,
        3,
        3,
        3,
        3,
        4,
        5,
        5,
        6
    ],
    "RobotName": "LBR-iiwa7R800"
}